60%-3,,80%-3,,100%-3,,
²¨³¤ (nm),Abs,²¨³¤ (nm),Abs,²¨³¤ (nm),Abs,
799.9841309,0.4941790104,799.9841309,0.6907513142,799.9841309,0.7303679585,
799.0136719,0.4908279479,799.0136719,0.6890169382,799.0136719,0.7277770042,
798.0082397,0.4929548204,798.0082397,0.6862644553,798.0082397,0.7293894887,
797.0023193,0.4933046103,797.0023193,0.6883919239,797.0023193,0.7307747602,
795.9959717,0.4959425032,795.9959717,0.6945070624,795.9959717,0.7312504649,
794.9893188,0.4970073998,794.9893188,0.6929540634,794.9893188,0.7346585393,
794.0169067,0.4934052229,794.0169067,0.6921963692,794.0169067,0.7312759757,
793.0094604,0.4947713017,793.0094604,0.69105196,793.0094604,0.7334173322,
792.0015259,0.4974928498,792.0015259,0.6925376654,792.0015259,0.7378939986,
790.9932861,0.4963747561,790.9932861,0.6936045885,790.9932861,0.7343028188,
789.9846191,0.4961828887,789.9846191,0.6927019358,789.9846191,0.7364397645,
789.0103149,0.4964933097,789.0103149,0.6935504079,789.0103149,0.734356761,
788.0007935,0.4995004237,788.0007935,0.6954674125,788.0007935,0.7386561036,
786.9909668,0.4989032447,786.9909668,0.696736455,786.9909668,0.7375931144,
786.015564,0.4994347394,786.015564,0.6957455277,786.015564,0.7389595509,
785.0048828,0.4987726808,785.0048828,0.6967650652,785.0048828,0.7360066175,
783.9937744,0.4992293417,783.9937744,0.6950705051,783.9937744,0.7368782163,
783.0172729,0.5015084743,783.0172729,0.7000238299,783.0172729,0.7439251542,
782.0053711,0.5047634244,782.0053711,0.6985262036,782.0053711,0.737218976,
780.9931641,0.5031730533,780.9931641,0.7019101977,780.9931641,0.7402932644,
780.0154419,0.5020102859,780.0154419,0.704627037,780.0154419,0.7395712733,
779.0025024,0.5007535815,779.0025024,0.6976253986,779.0025024,0.7423670888,
777.9890747,0.5016463399,777.9890747,0.7050033212,777.9890747,0.7407495379,
777.0102539,0.5040848851,777.0102539,0.702157557,777.0102539,0.7439705133,
775.9960938,0.5036161542,775.9960938,0.7039892673,775.9960938,0.7430597544,
775.0164795,0.5034344792,775.0164795,0.7040534616,775.0164795,0.7474463582,
774.0015259,0.5042907596,774.0015259,0.705307126,774.0015259,0.7452771664,
772.9862061,0.5053369403,772.9862061,0.7051858306,772.9862061,0.7475198507,
772.0054932,0.50500983,772.0054932,0.7092512846,772.0054932,0.747787714,
770.9893799,0.5049082637,770.9893799,0.7074136734,770.9893799,0.747831881,
770.0079346,0.5096007586,770.0079346,0.70998317,770.0079346,0.7471187711,
768.9910278,0.5100267529,768.9910278,0.7089240551,768.9910278,0.7462347746,
768.0088501,0.5099690557,768.0088501,0.7110913396,768.0088501,0.7529925108,
766.991272,0.5090985894,766.991272,0.7113348842,766.991272,0.7506690621,
766.0083008,0.5090357065,766.0083008,0.7121779323,766.0083008,0.7504419684,
764.9899292,0.5103787184,764.9899292,0.714202106,764.9899292,0.7543753982,
764.0062866,0.5120273829,764.0062866,0.7142249942,764.0062866,0.7559112906,
762.9870605,0.511721611,762.9870605,0.7142983079,762.9870605,0.7531396151,
762.0026855,0.5121133924,762.0026855,0.7188742161,762.0026855,0.7567903399,
760.9827881,0.5113737583,760.9827881,0.7166656852,760.9827881,0.7555621862,
759.9976196,0.5136418343,759.9976196,0.7196364999,759.9976196,0.7604795694,
759.012146,0.5126511455,759.012146,0.7188927531,759.012146,0.7572594285,
757.9910889,0.5124166608,757.9910889,0.7186256647,757.9910889,0.7613710761,
757.0048218,0.5141421556,757.0048218,0.7192701101,757.0048218,0.7607883215,
755.9830933,0.5140683055,755.9830933,0.7200543284,755.9830933,0.7607708573,
754.9960938,0.5163749456,754.9960938,0.7220512629,754.9960938,0.7593161464,
754.0087891,0.5170725584,754.0087891,0.7230501771,754.0087891,0.7615079284,
752.9859619,0.5154748559,752.9859619,0.7218667865,752.9859619,0.7674187422,
751.9978638,0.5153550506,751.9978638,0.7259104252,751.9978638,0.7668896914,
751.0095825,0.519123435,751.0095825,0.7242555022,751.0095825,0.7632032633,
749.9854736,0.5222733021,749.9854736,0.7293455005,749.9854736,0.7695896626,
748.9963989,0.5178712606,748.9963989,0.7307715416,748.9963989,0.7651830316,
748.006958,0.5217556357,748.006958,0.7294681668,748.006958,0.7720893025,
747.0170898,0.5212762356,747.0170898,0.7292562723,747.0170898,0.7741250396,
745.9916382,0.5218949318,745.9916382,0.7333135009,745.9916382,0.7697912455,
745.0010986,0.5217032433,745.0010986,0.7356905937,745.0010986,0.7721256018,
744.0101929,0.5257987976,744.0101929,0.7335499525,744.0101929,0.7749923468,
742.9835815,0.5244225264,742.9835815,0.7347307205,742.9835815,0.7775294781,
741.9920044,0.5257043242,741.9920044,0.7363801599,741.9920044,0.7764561176,
741,0.5255461931,741,0.7388865352,741,0.7804154754,
740.0078125,0.527657032,740.0078125,0.7416014075,740.0078125,0.7784895897,
739.0151367,0.531047821,739.0151367,0.7399702072,739.0151367,0.7844468951,
737.9866943,0.5311317444,737.9866943,0.742135942,737.9866943,0.7822715044,
736.9933472,0.5309214592,736.9933472,0.7455009222,736.9933472,0.7858147025,
735.9996338,0.5318293571,735.9996338,0.747261405,735.9996338,0.7873107791,
735.0056152,0.5332624912,735.0056152,0.7471987605,735.0056152,0.7858935595,
734.0111694,0.5331046581,734.0111694,0.7490785122,734.0111694,0.7899506092,
733.0164185,0.5354378223,733.0164185,0.7508799434,733.0164185,0.7938832641,
731.9858398,0.5351824164,731.9858398,0.7516196966,731.9858398,0.7942258716,
730.9904175,0.5375394225,730.9904175,0.7563164234,730.9904175,0.7954126596,
729.9946289,0.5381376147,729.9946289,0.7557367086,729.9946289,0.7992788553,
728.9984741,0.5397498012,728.9984741,0.7585666776,728.9984741,0.7988833189,
728.0020142,0.5419353843,728.0020142,0.7590879798,728.0020142,0.801956594,
727.005188,0.5431081057,727.005188,0.7623227835,727.005188,0.8027132154,
726.0079956,0.5423715711,726.0079956,0.7636734843,726.0079956,0.8047616482,
725.0105591,0.5458472967,725.0105591,0.7677549124,725.0105591,0.8085477352,
724.0126953,0.5463047028,724.0126953,0.7680033445,724.0126953,0.8111408353,
723.0145264,0.5473428965,723.0145264,0.7707431912,723.0145264,0.8144848943,
722.0159912,0.5507472754,722.0159912,0.774512589,722.0159912,0.8167387843,
721.0171509,0.5521656275,721.0171509,0.7796534896,721.0171509,0.8196965456,
719.9821777,0.5543859005,719.9821777,0.7811602354,719.9821777,0.8254396319,
718.982605,0.5533659458,718.982605,0.7823218703,718.982605,0.8244986534,
717.9827881,0.556795001,717.9827881,0.7870836854,717.9827881,0.8282181025,
716.9824829,0.5595378876,716.9824829,0.7881782651,716.9824829,0.8330457211,
716.0176392,0.5612638593,716.0176392,0.7923275232,716.0176392,0.8366834521,
715.0167236,0.5626087785,715.0167236,0.7980877757,715.0167236,0.8385626674,
714.0155029,0.5665468574,714.0155029,0.8009710908,714.0155029,0.8431797624,
713.013916,0.5675408244,713.013916,0.804041326,713.013916,0.8457264304,
712.0120239,0.5708043575,712.0120239,0.80990237,712.0120239,0.8501240015,
711.0097656,0.5711322427,711.0097656,0.8096878529,711.0097656,0.8541480303,
710.0072021,0.5748394132,710.0072021,0.8163294196,710.0072021,0.8591445088,
709.0042114,0.5770164728,709.0042114,0.8189272285,709.0042114,0.863756597,
708.0009766,0.5798851848,708.0009766,0.8249025345,708.0009766,0.8698738813,
706.9973755,0.5812319517,706.9973755,0.8312417865,706.9973755,0.8798066974,
705.9934082,0.5854593515,705.9934082,0.8358209133,705.9934082,0.879789114,
704.9892578,0.5884554982,704.9892578,0.839128077,704.9892578,0.8869591951,
703.9846802,0.5910882354,703.9846802,0.844838798,703.9846802,0.8912314773,
703.015564,0.5976495147,703.015564,0.8497357965,703.015564,0.8974673748,
702.0103149,0.6003249288,702.0103149,0.85469383,702.0103149,0.9057705402,
701.0047607,0.6045165658,701.0047607,0.8638752103,701.0047607,0.9118528962,
699.9989014,0.6077847481,699.9989014,0.8718304634,699.9989014,0.9204654098,
698.9926147,0.6118198037,698.9926147,0.881505549,698.9926147,0.9312877059,
697.9860229,0.6163478494,697.9860229,0.8870930672,697.9860229,0.9395305514,
697.0150757,0.6219096184,697.0150757,0.8982269168,697.0150757,0.945313096,
696.0079346,0.6281669736,696.0079346,0.90399611,696.0079346,0.9561021328,
695.0003662,0.6309605241,695.0003662,0.9125281572,695.0003662,0.9627451301,
693.9924927,0.6377694011,693.9924927,0.9204756021,693.9924927,0.9754703045,
692.984314,0.6412876248,692.984314,0.9320662022,692.984314,0.9830030203,
692.0118408,0.6484391689,692.0118408,0.9395358562,692.0118408,0.9959517717,
691.0029907,0.649727881,691.0029907,0.9463570714,691.0029907,1.00225687,
689.9937744,0.6551169753,689.9937744,0.9562932253,689.9937744,1.015268087,
688.984314,0.6565927267,688.984314,0.961381197,688.984314,1.025285244,
688.010498,0.6593787074,688.010498,0.9688650966,688.010498,1.026551962,
687.0004272,0.6668646336,687.0004272,0.9737746716,687.0004272,1.032871366,
685.9899292,0.6669411659,685.9899292,0.9825518727,685.9899292,1.044583201,
685.0152588,0.6683875918,685.0152588,0.9856046438,685.0152588,1.04254961,
684.0041504,0.668245554,684.0041504,0.9816505313,684.0041504,1.047382355,
682.9927979,0.6684268713,682.9927979,0.991451025,682.9927979,1.047508836,
682.0171509,0.6660497785,682.0171509,0.9855595827,682.0171509,1.047659874,
681.005127,0.6639012694,681.005127,0.9833581448,681.005127,1.047827244,
679.9927979,0.66476053,679.9927979,0.9809481502,679.9927979,1.041641593,
679.0162354,0.6604555845,679.0162354,0.9774298072,679.0162354,1.036223888,
678.0032349,0.6580581069,678.0032349,0.9793478847,678.0032349,1.034997702,
676.9898682,0.6539359689,676.9898682,0.9685946107,676.9898682,1.033107758,
676.0125122,0.6503545642,676.0125122,0.9641339183,676.0125122,1.024080157,
674.9985962,0.6479242444,674.9985962,0.9599476457,674.9985962,1.022980332,
673.984314,0.6443803906,673.984314,0.9508072734,673.984314,1.014767408,
673.0059204,0.6411809325,673.0059204,0.9492995143,673.0059204,1.018553376,
671.9909668,0.6393961906,671.9909668,0.9470226765,671.9909668,1.0089221,
671.012146,0.6380841136,671.012146,0.9456562996,671.012146,1.004295707,
669.996582,0.6347323656,669.996582,0.9395914078,669.996582,0.9978975654,
669.0170288,0.6312818527,669.0170288,0.9323782921,669.0170288,0.9970261455,
668.0009155,0.6285710335,668.0009155,0.929017067,668.0009155,0.9872369766,
666.984436,0.625624299,666.984436,0.9247997403,666.984436,0.9801131487,
666.0039673,0.6234529018,666.0039673,0.922416091,666.0039673,0.9807423353,
664.9869385,0.6235249639,664.9869385,0.9174339175,664.9869385,0.9740989804,
664.0059204,0.618696332,664.0059204,0.9122879505,664.0059204,0.9724063873,
662.9882202,0.6170032024,662.9882202,0.9101851583,662.9882202,0.9716938138,
662.0065308,0.6164767146,662.0065308,0.9099590778,662.0065308,0.9648185968,
660.9882813,0.6147776842,660.9882813,0.9065536261,660.9882813,0.964956522,
660.0060425,0.6131957769,660.0060425,0.9051882625,660.0060425,0.9637791514,
658.9871216,0.6139422059,658.9871216,0.9037905335,658.9871216,0.9641926289,
658.0042725,0.6134289503,658.0042725,0.9035384655,658.0042725,0.9662059546,
656.9848022,0.6152876019,656.9848022,0.9061938524,656.9848022,0.960926652,
656.0013428,0.6133304834,656.0013428,0.9033331275,656.0013428,0.9638246298,
655.0177002,0.6133055687,655.0177002,0.9086045623,655.0177002,0.9619520903,
653.9973145,0.6140842438,653.9973145,0.9105936885,653.9973145,0.9621037245,
653.0129395,0.6161655784,653.0129395,0.9093176126,653.0129395,0.9666451812,
651.9919434,0.617837429,651.9919434,0.9105580449,651.9919434,0.9671320915,
651.0071411,0.6165291071,651.0071411,0.9127428532,651.0071411,0.963778615,
649.9854736,0.6181957126,649.9854736,0.9149728417,649.9854736,0.9701831341,
649,0.6201822758,649,0.9152383804,649,0.9699679613,
648.0142212,0.6208198667,648.0142212,0.9149202704,648.0142212,0.9714010358,
646.9917603,0.6240304708,646.9917603,0.9204024673,646.9917603,0.9806880355,
646.0054932,0.624183476,646.0054932,0.9242501855,646.0054932,0.9789897799,
644.9822998,0.6242073178,644.9822998,0.9229957461,644.9822998,0.9797698855,
643.9954224,0.6270774603,643.9954224,0.9270516038,643.9954224,0.9813913107,
643.0082397,0.6280366778,643.0082397,0.9303213358,643.0082397,0.9880951643,
641.9841919,0.6280682087,641.9841919,0.9310743809,641.9841919,0.9887548089,
640.99646,0.6287753582,640.99646,0.9333536625,640.99646,0.9925138354,
640.0084839,0.6304626465,640.0084839,0.9384750724,640.0084839,0.9921637774,
638.9835205,0.6315627694,638.9835205,0.9359602928,638.9835205,0.9934577346,
637.994873,0.6317819357,637.994873,0.9360171556,637.994873,0.999225378,
637.0060425,0.6336542368,637.0060425,0.9403681159,637.0060425,0.997199595,
636.0169067,0.6322850585,636.0169067,0.941560626,636.0169067,1.001824856,
634.9907837,0.631006062,634.9907837,0.9370644689,634.9907837,1.001192451,
634.0010986,0.6322633624,634.0010986,0.9428297877,634.0010986,1.002558589,
633.0111084,0.6324576139,633.0111084,0.9437059164,633.0111084,1.001874566,
631.9840698,0.6302494407,631.9840698,0.9409341216,631.9840698,0.9984542727,
630.9935913,0.6316702366,630.9935913,0.9368728995,630.9935913,0.9991396666,
630.0026855,0.6305063367,630.0026855,0.9375116229,630.0026855,0.9968339801,
629.0115967,0.6283720732,629.0115967,0.9372109175,629.0115967,1.000410199,
627.9834595,0.6284158826,627.9834595,0.9395425916,627.9834595,0.9992767572,
626.9917603,0.6287125349,626.9917603,0.9378426671,626.9917603,0.9968849421,
625.9998169,0.6280792952,625.9998169,0.9356223941,625.9998169,0.9940183759,
625.0075684,0.6265152693,625.0075684,0.9352241158,625.0075684,0.9951381087,
624.0151367,0.6262694001,624.0151367,0.9301537871,624.0151367,0.9949035645,
622.9855347,0.6256825328,622.9855347,0.9354894757,622.9855347,0.9931793213,
621.9924316,0.6244845986,621.9924316,0.9320291877,621.9924316,0.9917915463,
620.9991455,0.6218465567,620.9991455,0.9311966896,620.9991455,0.9886879921,
620.0054932,0.6207386255,620.0054932,0.9302248955,620.0054932,0.9864853024,
619.0115967,0.6207404733,619.0115967,0.9282497764,619.0115967,0.986579895,
618.0174561,0.6203373671,618.0174561,0.9259503484,618.0174561,0.9879314303,
616.986145,0.6199278831,616.986145,0.9245389104,616.986145,0.9842256904,
615.9915161,0.6183100939,615.9915161,0.9228454828,615.9915161,0.982147038,
614.996521,0.6169338226,614.996521,0.9198195338,614.996521,0.9782504439,
614.0012207,0.6144052744,614.0012207,0.9167429209,614.0012207,0.9782720208,
613.0057373,0.6124539375,613.0057373,0.9167769551,613.0057373,0.9755795002,
612.0099487,0.6136661172,612.0099487,0.9140381813,612.0099487,0.9743639231,
611.0139771,0.6116121411,611.0139771,0.9126437306,611.0139771,0.9720541239,
610.0175781,0.6106711626,610.0175781,0.9100963473,610.0175781,0.969786942,
608.9840698,0.6083366275,608.9840698,0.9109364748,608.9840698,0.9684914351,
607.9871826,0.6076433063,607.9871826,0.9072027802,607.9871826,0.9636614919,
606.9900513,0.6069806218,606.9900513,0.9049804807,606.9900513,0.9633851051,
605.9926758,0.6063926816,605.9926758,0.9018800259,605.9926758,0.9628702998,
604.9949951,0.6039599776,604.9949951,0.9019137621,604.9949951,0.9602885246,
603.9970703,0.6031818986,603.9970703,0.9003251195,603.9970703,0.9592171907,
602.9989014,0.6010150909,602.9989014,0.8995632529,602.9989014,0.9580209255,
602.0003662,0.6020217538,602.0003662,0.8931416869,602.0003662,0.9554740787,
601.001709,0.600902319,601.001709,0.8952230215,601.001709,0.9542903304,
600.0026855,0.5994084477,600.0026855,0.8941012025,600.0026855,0.9531185031,
599.003418,0.5978115201,599.003418,0.8897129893,599.003418,0.9521022439,
598.0039063,0.5970438719,598.0039063,0.889113009,598.0039063,0.947897017,
597.0041504,0.5952051282,597.0041504,0.8877791762,597.0041504,0.9451121688,
596.0040894,0.5946664214,596.0040894,0.8871804476,596.0040894,0.9432194829,
595.0038452,0.5954700708,595.0038452,0.883792758,595.0038452,0.9422985315,
594.0032349,0.5936085582,594.0032349,0.8834939003,594.0032349,0.9392566681,
593.0023804,0.5923088193,593.0023804,0.8814690709,593.0023804,0.9394696951,
592.0012817,0.590264678,592.0012817,0.8796589971,592.0012817,0.9359551668,
591,0.590747118,591,0.8789497018,591,0.9339261055,
589.998291,0.5872955918,589.998291,0.8762876391,589.998291,0.9341567159,
588.99646,0.5871471167,588.99646,0.8742656112,588.99646,0.9315673709,
587.9943848,0.5854599476,587.9943848,0.8709216714,587.9943848,0.9292321205,
586.9920044,0.5857471824,586.9920044,0.8723276854,586.9920044,0.9275246263,
585.9892578,0.5823584199,585.9892578,0.8664872646,585.9892578,0.9232820272,
584.9863892,0.5827690959,584.9863892,0.8664411902,584.9863892,0.9201714993,
583.9832764,0.5832123756,583.9832764,0.8637569547,583.9832764,0.9182915688,
583.0170288,0.5803115368,583.0170288,0.863263607,583.0170288,0.9213296771,
582.0133667,0.5809194446,582.0133667,0.8623142838,582.0133667,0.9184972644,
581.0094604,0.5794165134,581.0094604,0.8590608835,581.0094604,0.9174551368,
580.005249,0.5780473948,580.005249,0.8590654731,580.005249,0.9132734537,
579.0009155,0.5781650543,579.0009155,0.857563138,579.0009155,0.9125311971,
577.9961548,0.5770023465,577.9961548,0.8570859432,577.9961548,0.9103323221,
576.991272,0.575428009,576.991272,0.853415966,576.991272,0.9109643102,
575.986084,0.5747162104,575.986084,0.8528770208,575.986084,0.9087086916,
575.0178833,0.574596107,575.0178833,0.8526079059,575.0178833,0.9062780738,
574.012146,0.5736429691,574.012146,0.8490396142,574.012146,0.9052122831,
573.0062866,0.572966814,573.0062866,0.8485941291,573.0062866,0.9028186798,
572.0001221,0.5710588694,572.0001221,0.8480123878,572.0001221,0.9037283063,
570.9937134,0.5709238648,570.9937134,0.8438837528,570.9937134,0.8994866014,
569.9869385,0.5689367056,569.9869385,0.8440719843,569.9869385,0.8988614678,
569.017334,0.5699051619,569.017334,0.841610074,569.017334,0.8972008228,
568.0101929,0.5676913261,568.0101929,0.8384569287,568.0101929,0.8955049515,
567.0027466,0.566572547,567.0027466,0.8380537033,567.0027466,0.8939062357,
565.9949951,0.5653368831,565.9949951,0.8372141123,565.9949951,0.8917109966,
564.9871826,0.5656038523,564.9871826,0.8347249031,564.9871826,0.8896198869,
564.0162964,0.5652253032,564.0162964,0.8331699371,564.0162964,0.8857682943,
563.0079346,0.5636727214,563.0079346,0.8310456276,563.0079346,0.885854125,
561.9992676,0.5625696778,561.9992676,0.8293922544,561.9992676,0.8820636272,
560.9903564,0.5629194379,560.9903564,0.8283672929,560.9903564,0.8822112679,
560.0185547,0.5615881085,560.0185547,0.8283011317,560.0185547,0.8799219728,
559.0092163,0.561403811,559.0092163,0.8250851631,559.0092163,0.8783949018,
557.9995728,0.55974406,557.9995728,0.8245720267,557.9995728,0.8778059483,
556.9896851,0.5590591431,556.9896851,0.8221609592,556.9896851,0.8774015903,
556.0169067,0.5580587983,556.0169067,0.8215104938,556.0169067,0.8742819428,
555.0065918,0.5586143732,555.0065918,0.8202552199,555.0065918,0.8742626309,
553.9960327,0.5574131012,553.9960327,0.8176183701,553.9960327,0.8724873662,
552.9852295,0.5570452213,552.9852295,0.8197399378,552.9852295,0.8720380068,
552.0115356,0.5575578809,552.0115356,0.8191639781,552.0115356,0.8718656301,
551.0002441,0.5577275753,551.0002441,0.817828238,551.0002441,0.8706415296,
549.9886475,0.5573816299,549.9886475,0.8165792227,549.9886475,0.8698680997,
549.0143433,0.5580368638,549.0143433,0.8160164356,549.0143433,0.8698288798,
548.0022583,0.5565190315,548.0022583,0.8159729242,548.0022583,0.8686001301,
546.9901123,0.5571275353,546.9901123,0.8164451122,546.9901123,0.8688495159,
546.0150757,0.5577912927,546.0150757,0.8167757988,546.0150757,0.8686155081,
545.0022583,0.557462275,545.0022583,0.8164121509,545.0022583,0.8679611683,
543.9893188,0.5578278899,543.9893188,0.8157920241,543.9893188,0.8685188293,
543.0136108,0.5581280589,543.0136108,0.8161034584,543.0136108,0.8690423965,
542.0001831,0.5581435561,542.0001831,0.8169918656,542.0001831,0.869879365,
540.9864502,0.5599330068,540.9864502,0.8189770579,540.9864502,0.870588243,
540.0100708,0.5604000688,540.0100708,0.8200572133,540.0100708,0.8715637922,
538.9959106,0.5605623126,538.9959106,0.818954885,538.9959106,0.8722274899,
537.9815674,0.5609603524,537.9815674,0.8197083473,537.9815674,0.8723546267,
537.0045166,0.5618210435,537.0045166,0.8221985102,537.0045166,0.8741057515,
535.9896851,0.5624509454,535.9896851,0.8227732182,535.9896851,0.8757359385,
535.012146,0.563388586,535.012146,0.8224211931,535.012146,0.8764942288,
533.9968262,0.5645055175,533.9968262,0.8245516419,533.9968262,0.8770029545,
532.9812622,0.5658059716,532.9812622,0.8272827268,532.9812622,0.8798286319,
532.0031128,0.5668982267,532.0031128,0.8283001781,532.0031128,0.8806007504,
530.9871216,0.567489028,530.9871216,0.8286249042,530.9871216,0.8839095831,
530.0084839,0.568166554,530.0084839,0.8290245533,530.0084839,0.8833583593,
528.9920044,0.5696219802,528.9920044,0.833353579,528.9920044,0.8864641786,
528.0130005,0.5710795522,528.0130005,0.8358893394,528.0130005,0.8884344697,
526.9960938,0.5719394684,526.9960938,0.8371220231,526.9960938,0.8902652264,
526.0166016,0.5736739039,526.0166016,0.8397102356,526.0166016,0.8933345079,
524.9992065,0.5742560029,524.9992065,0.841876924,524.9992065,0.8945611715,
523.9816284,0.5760518312,523.9816284,0.8420154452,523.9816284,0.8980442286,
523.0014038,0.5774257779,523.0014038,0.8476160169,523.0014038,0.9006229043,
521.9833984,0.5794957876,521.9833984,0.8475260735,521.9833984,0.9030978084,
521.0027466,0.5800644159,521.0027466,0.849796772,521.0027466,0.9044355154,
519.984314,0.5818074942,519.984314,0.8517498374,519.984314,0.9071443677,
519.0033569,0.5829756856,519.0033569,0.855055511,519.0033569,0.9098248482,
517.984375,0.5842913985,517.984375,0.8567339778,517.984375,0.913713038,
517.0029297,0.5857632756,517.0029297,0.859069407,517.0029297,0.9148218632,
515.9834595,0.5862029195,515.9834595,0.8612556458,515.9834595,0.9182555079,
515.0016479,0.5882976055,515.0016479,0.8642011285,515.0016479,0.9199067354,
513.9817505,0.5893096924,513.9817505,0.867595911,513.9817505,0.9239723682,
512.9995117,0.5909482241,512.9995117,0.868458569,512.9995117,0.9245881438,
512.0170898,0.5922609568,512.0170898,0.8708731532,512.0170898,0.9279105663,
510.996521,0.5937091708,510.996521,0.8745672703,510.996521,0.9316911101,
510.0135803,0.5951980948,510.0135803,0.8753220439,510.0135803,0.9349134564,
508.9925842,0.5965326428,508.9925842,0.878341794,508.9925842,0.9372919798,
508.0092773,0.5978240371,508.0092773,0.8810680509,508.0092773,0.9378835559,
506.987915,0.5975060463,506.987915,0.8828970194,506.987915,0.9422213435,
506.0041199,0.5997958183,506.0041199,0.883390069,506.0041199,0.9443259239,
504.9823608,0.5997908711,504.9823608,0.8859651089,504.9823608,0.9434801936,
503.9981384,0.6012766957,503.9981384,0.8869386911,503.9981384,0.9477496743,
503.0137634,0.6018083096,503.0137634,0.890426755,503.0137634,0.9475275278,
501.9913025,0.6033364534,501.9913025,0.8893613815,501.9913025,0.9517511129,
501.0064392,0.6033246517,501.0064392,0.8900609612,501.0064392,0.9515272379,
499.983551,0.6042072773,499.983551,0.8905494809,499.983551,0.9526585937,
498.9983826,0.6055573225,498.9983826,0.8934329152,498.9983826,0.9552306533,
498.0128784,0.60535568,498.0128784,0.8932373524,498.0128784,0.9544765353,
496.9894104,0.6071364284,496.9894104,0.8939872384,496.9894104,0.9561473727,
496.00354,0.6065722704,496.00354,0.895899713,496.00354,0.9556034207,
495.0174866,0.6059651375,495.0174866,0.8958083391,495.0174866,0.9554669261,
493.9933472,0.6064656973,493.9933472,0.8959155083,493.9933472,0.9572145343,
493.006897,0.6068377495,493.006897,0.8942244053,493.006897,0.9569763541,
491.9822693,0.6066300273,491.9822693,0.8958997726,491.9822693,0.9581617117,
490.9953613,0.6077813506,490.9953613,0.8969821334,490.9953613,0.9583717585,
490.0083618,0.6072137356,490.0083618,0.8961365819,490.0083618,0.9583842754,
488.9831543,0.6069558859,488.9831543,0.8951525092,488.9831543,0.9589874148,
487.9956055,0.6077983975,487.9956055,0.8974091411,487.9956055,0.9605762959,
487.0079956,0.6085639,487.0079956,0.8975693583,487.0079956,0.960198164,
485.9821167,0.6088582277,485.9821167,0.897438705,485.9821167,0.959634304,
484.9940796,0.6087437272,484.9940796,0.8980455399,484.9940796,0.961340189,
484.0058289,0.6103532314,484.0058289,0.9005769491,484.0058289,0.9635572433,
483.0173645,0.6111143827,483.0173645,0.9020463228,483.0173645,0.965149045,
481.9906311,0.6116742492,481.9906311,0.9021552205,481.9906311,0.9650557041,
481.00177,0.6118551493,481.00177,0.9034268856,481.00177,0.9674781561,
480.0126953,0.6124420166,480.0126953,0.9047856331,480.0126953,0.9686321616,
478.9854126,0.6137424111,478.9854126,0.9065533876,478.9854126,0.9700781703,
477.9959412,0.6152341962,477.9959412,0.9082001448,477.9959412,0.9714407921,
477.0062866,0.6162192822,477.0062866,0.9096352458,477.0062866,0.9744356275,
476.0164185,0.6163260341,476.0164185,0.9115530849,476.0164185,0.9751871228,
474.9883728,0.6180193424,474.9883728,0.9132285714,474.9883728,0.9784716964,
473.9980774,0.6187307835,473.9980774,0.9144380689,473.9980774,0.9795352221,
473.0076904,0.6197593808,473.0076904,0.9162352085,473.0076904,0.9810557961,
472.0170593,0.621747613,472.0170593,0.9185094833,472.0170593,0.9827695489,
470.9880981,0.6218309999,470.9880981,0.9200152159,470.9880981,0.9848217368,
469.9971313,0.6223903298,469.9971313,0.9217290878,469.9971313,0.9871687293,
469.0059204,0.6239284873,469.0059204,0.922149539,469.0059204,0.9889891744,
468.0144653,0.62466681,468.0144653,0.9244790077,468.0144653,0.9903848171,
466.9847717,0.626116693,466.9847717,0.9255423546,466.9847717,0.9932335019,
465.992981,0.6254547238,465.992981,0.9278475642,465.992981,0.9938354492,
465.0009766,0.627361536,465.0009766,0.9292148352,465.0009766,0.996709466,
464.0088196,0.6288061142,464.0088196,0.9320071936,464.0088196,0.9994317293,
463.0164795,0.6298237443,463.0164795,0.933344841,463.0164795,1.001290083,
461.9857788,0.6308995485,461.9857788,0.9358555079,461.9857788,1.003824711,
460.9930115,0.6335715055,460.9930115,0.9394158125,460.9930115,1.007156968,
460.0001221,0.6350507736,460.0001221,0.9434047937,460.0001221,1.011122942,
459.006958,0.6381153464,459.006958,0.9473391771,459.006958,1.015833497,
458.0136719,0.640683651,458.0136719,0.9516428709,458.0136719,1.021704674,
456.9819031,0.6434295177,456.9819031,0.9561568499,456.9819031,1.026720166,
455.9883118,0.6466723084,455.9883118,0.961907506,455.9883118,1.031797767,
454.9944458,0.6503071785,454.9944458,0.9680746794,454.9944458,1.039288044,
454.0003967,0.6542361975,454.0003967,0.9767068624,454.0003967,1.049031734,
453.006073,0.6583337784,453.006073,0.9830818176,453.006073,1.057685256,
452.0116882,0.6623091698,452.0116882,0.9901962876,452.0116882,1.063889623,
451.0171509,0.6656892896,451.0171509,0.9994757771,451.0171509,1.072798371,
449.9840393,0.67060709,449.9840393,1.00597024,449.9840393,1.082345486,
448.9890747,0.6744894385,448.9890747,1.014569163,448.9890747,1.092181563,
447.9939575,0.6778116822,447.9939575,1.021202445,447.9939575,1.097907901,
446.9985657,0.6802995801,446.9985657,1.024593949,446.9985657,1.104769945,
446.0030212,0.6828768253,446.0030212,1.029674768,446.0030212,1.108971238,
445.0073547,0.6840980649,445.0073547,1.033856869,445.0073547,1.111564636,
444.0114441,0.6855520606,444.0114441,1.035116315,444.0114441,1.11558938,
443.0153503,0.6854761243,443.0153503,1.036614776,443.0153503,1.116847277,
442.0191345,0.6848594546,442.0191345,1.037088037,442.0191345,1.118379354,
440.9843445,0.6851730347,440.9843445,1.036994576,440.9843445,1.119296789,
439.9877625,0.6841344237,439.9877625,1.035127282,439.9877625,1.115769148,
438.9909973,0.6826556325,438.9909973,1.033452988,438.9909973,1.113504648,
437.993988,0.6806573868,437.993988,1.030105829,437.993988,1.109149814,
436.9968262,0.678997457,436.9968262,1.026750445,436.9968262,1.105954409,
435.9995117,0.6762426496,435.9995117,1.022571683,435.9995117,1.104631543,
435.0019836,0.6744440794,435.0019836,1.019398928,435.0019836,1.099565506,
434.004303,0.6727042794,434.004303,1.016555309,434.004303,1.096090317,
433.0064697,0.6704210043,433.0064697,1.012547255,433.0064697,1.091387391,
432.0084229,0.667222023,432.0084229,1.009287357,432.0084229,1.087016702,
431.0102234,0.6668404937,431.0102234,1.00630641,431.0102234,1.083499908,
430.0118408,0.6653167009,430.0118408,1.004136086,430.0118408,1.082879663,
429.0132751,0.6632655263,429.0132751,1.002347827,429.0132751,1.079483151,
428.0145264,0.6623078585,428.0145264,0.9995822906,428.0145264,1.078250408,
427.0155945,0.6614208221,427.0155945,0.9964147806,427.0155945,1.076962113,
426.0165405,0.6610253453,426.0165405,0.9967823029,426.0165405,1.075078011,
425.0173035,0.6611879468,425.0173035,0.9962174892,425.0173035,1.075590014,
424.0178223,0.6602080464,424.0178223,0.9956945777,424.0178223,1.074754119,
423.0181885,0.6595998406,423.0181885,0.9950620532,423.0181885,1.073595166,
422.0184937,0.6590582132,422.0184937,0.9947522283,422.0184937,1.072577477,
421.0185242,0.6590146422,421.0185242,0.9934017062,421.0185242,1.071316838,
420.0183716,0.6580514908,420.0183716,0.992482543,420.0183716,1.07098043,
419.0181274,0.6578045487,419.0181274,0.9916542768,419.0181274,1.069933414,
418.0176697,0.6549672484,418.0176697,0.9882375002,418.0176697,1.067216992,
417.0169678,0.6543978453,417.0169678,0.9872780442,417.0169678,1.065169811,
416.0162048,0.6525113583,416.0162048,0.9837518334,416.0162048,1.064741731,
415.0152283,0.6504511833,415.0152283,0.9808872342,415.0152283,1.057253957,
414.0140991,0.6497981548,414.0140991,0.9777393937,414.0140991,1.054523468,
413.0127869,0.6474457979,413.0127869,0.9739236236,413.0127869,1.052945495,
412.011322,0.6448845863,412.011322,0.9713849425,412.011322,1.049768329,
411.009613,0.6425645947,411.009613,0.9687782526,411.009613,1.044485092,
410.0078735,0.6413624883,410.0078735,0.9655975699,410.0078735,1.041642785,
409.0058594,0.6390455961,409.0058594,0.9612429142,409.0058594,1.035765886,
408.0036926,0.6369462609,408.0036926,0.9586655498,408.0036926,1.033744216,
407.0014038,0.6356518865,407.0014038,0.9557020664,407.0014038,1.031972408,
405.9989319,0.6338095665,405.9989319,0.9528031349,405.9989319,1.028017998,
404.9962769,0.6333332658,404.9962769,0.9511483312,404.9962769,1.026890993,
403.9934387,0.6318611503,403.9934387,0.9489066601,403.9934387,1.023131013,
402.990509,0.6315273046,402.990509,0.9462145567,402.990509,1.023263693,
401.9873657,0.630663693,401.9873657,0.9455690384,401.9873657,1.020598054,
400.9840393,0.6311259866,400.9840393,0.9452651739,400.9840393,1.020545363,
400.019165,0.6302294135,400.019165,0.9442334771,400.019165,1.019679308,
399.0155945,0.6296448112,399.0155945,0.9440784454,399.0155945,1.019933105,
398.0117798,0.6292755604,398.0117798,0.9437343478,398.0117798,1.020196319,
397.007843,0.6290667653,397.007843,0.9435747862,397.007843,1.019269943,
396.0037537,0.6298037171,396.0037537,0.9431563616,396.0037537,1.020391226,
394.9994812,0.6300210357,394.9994812,0.9446995854,394.9994812,1.021503448,
393.9950562,0.6301773787,393.9950562,0.9434651136,393.9950562,1.021088958,
392.9904785,0.6296832561,392.9904785,0.943703115,392.9904785,1.019625664,
391.9857178,0.6308531165,391.9857178,0.9443837404,391.9857178,1.021604538,
390.9808044,0.6305198669,390.9808044,0.9450108409,390.9808044,1.021386623,
390.0144043,0.6310455799,390.0144043,0.9432585835,390.0144043,1.022691965,
389.0091858,0.6304394007,389.0091858,0.9427312613,389.0091858,1.021274567,
388.0038147,0.6300861835,388.0038147,0.9439674616,388.0038147,1.020130992,
386.998291,0.6302158237,386.998291,0.9438952208,386.998291,1.021734476,
385.9925842,0.630676806,385.9925842,0.9419988394,385.9925842,1.020736098,
384.9867554,0.6298120022,384.9867554,0.9426769018,384.9867554,1.019764185,
383.9807129,0.630179882,383.9807129,0.9433216453,383.9807129,1.022172928,
383.0132751,0.6299748421,383.0132751,0.9416374564,383.0132751,1.018679857,
382.006958,0.6292253137,382.006958,0.942429781,382.006958,1.019912958,
381.0004883,0.6292188168,381.0004883,0.941080749,381.0004883,1.019268751,
379.9938354,0.6282113791,379.9938354,0.9391287565,379.9938354,1.018430352,
378.9870911,0.6274986863,378.9870911,0.9370982647,378.9870911,1.014956594,
378.0188599,0.6264496446,378.0188599,0.9380221963,378.0188599,1.016245961,
377.0117798,0.6261444688,377.0117798,0.9367392659,377.0117798,1.015226245,
376.0045471,0.6251495481,376.0045471,0.9335080385,376.0045471,1.012931824,
374.9971619,0.6246147752,374.9971619,0.9322115183,374.9971619,1.009801626,
373.9896545,0.6238878965,373.9896545,0.9321279526,373.9896545,1.009194374,
372.9819336,0.6236959696,372.9819336,0.9313690066,372.9819336,1.008242846,
372.0128784,0.622066617,372.0128784,0.9292115569,372.0128784,1.007570863,
371.0048828,0.62146312,371.0048828,0.9276546836,371.0048828,1.00606513,
369.9967651,0.6218923926,369.9967651,0.9264751077,369.9967651,1.004656434,
368.9884644,0.6213978529,368.9884644,0.9270255566,368.9884644,1.00455296,
368.0187988,0.6195572019,368.0187988,0.9243932962,368.0187988,1.003144741,
367.0102234,0.6198263764,367.0102234,0.9239697456,367.0102234,1.00209856,
366.0014648,0.6193950176,366.0014648,0.9221275449,366.0014648,1.002272129,
364.9926147,0.6195597649,364.9926147,0.9232328534,364.9926147,1.00152123,
363.9835815,0.6192470193,363.9835815,0.92084831,363.9835815,1.002009273,
363.0132141,0.6176735759,363.0132141,0.9204271436,363.0132141,0.9999493957,
362.0039063,0.6190159321,362.0039063,0.9215894341,362.0039063,1.000822544,
360.9944153,0.6183207631,360.9944153,0.9210931659,360.9944153,0.9999648929,
359.9848022,0.6192979813,359.9848022,0.9207383394,359.9848022,0.9997578859,
359.0138855,0.6180177331,359.0138855,0.9195812345,359.0138855,0.9991247058,
358.0039673,0.6191188097,358.0039673,0.9208756089,358.0039673,1.00057745,
356.993927,0.6185874939,356.993927,0.9210169315,356.993927,1.00027442,
355.9837341,0.6191231608,355.9837341,0.9210401773,355.9837341,0.9997914433,
355.0122375,0.6185742021,355.0122375,0.9205300808,355.0122375,0.9993185401,
354.00177,0.6194455028,354.00177,0.9223845601,354.00177,1.001332402,
352.9911804,0.6198117733,352.9911804,0.92073524,352.9911804,1.00123322,
352.0192566,0.6199423075,352.0192566,0.921934545,352.0192566,1.002178431,
351.0083313,0.620593071,351.0083313,0.9234114289,351.0083313,1.004108787,
349.9973145,0.621276319,349.9973145,0.9236764312,349.9973145,1.004428506,
348.9861145,0.6226509213,348.9861145,0.9251369834,348.9861145,1.005943298,
348.0137024,0.6222397089,348.0137024,0.9264585972,348.0137024,1.007677555,
347.0022583,0.6227890253,347.0022583,0.9276338816,347.0022583,1.007790804,
345.9906006,0.6239122152,345.9906006,0.9294608235,345.9906006,1.010210514,
345.0177917,0.6243665218,345.0177917,0.931153059,345.0177917,1.011251211,
344.0058594,0.6255627871,344.0058594,0.9308888316,344.0058594,1.011771202,
342.993866,0.6253132224,342.993866,0.9316506982,342.993866,1.014117002,
341.9816895,0.6267172098,341.9816895,0.9327717423,341.9816895,1.012732983,
341.0083313,0.6260762215,341.0083313,0.9332742095,341.0083313,1.013505936,
339.9958801,0.6268760562,339.9958801,0.9337565303,339.9958801,1.01468575,
338.9833069,0.6268862486,338.9833069,0.9329743385,338.9833069,1.014231682,
338.009552,0.626494348,338.009552,0.9314028025,338.009552,1.013545156,
336.9967346,0.6267208457,336.9967346,0.9300246239,336.9967346,1.01361537,
335.9837341,0.6259650588,335.9837341,0.9305962324,335.9837341,1.014387012,
335.0095825,0.6268244982,335.0095825,0.9300974011,335.0095825,1.013238311,
333.9963074,0.6266672015,333.9963074,0.9303865433,333.9963074,1.014621496,
332.9829407,0.6268382668,332.9829407,0.9305773973,332.9829407,1.013736844,
332.0084229,0.6270917654,332.0084229,0.9302352667,332.0084229,1.014738917,
330.994751,0.6274345517,330.994751,0.9314498305,330.994751,1.016884089,
329.9809875,0.6280598044,329.9809875,0.9316318035,329.9809875,1.016975522,
329.0060425,0.6302312613,329.0060425,0.9322052598,329.0060425,1.016969919,
327.9920044,0.6315273046,327.9920044,0.9341068268,327.9920044,1.019995928,
327.0168152,0.6330482364,327.0168152,0.9370187521,327.0168152,1.023571134,
326.002533,0.6346718073,326.002533,0.9378323555,326.002533,1.025916338,
324.9880676,0.6360323429,324.9880676,0.9409086704,324.9880676,1.028827906,
324.0125122,0.6394840479,324.0125122,0.9455572367,324.0125122,1.033304095,
322.9978333,0.6420611143,322.9978333,0.9476155043,322.9978333,1.036820173,
321.9829712,0.644456625,321.9829712,0.9504881501,321.9829712,1.041693091,
321.0070496,0.6476989985,321.0070496,0.9553177357,321.0070496,1.045406103,
319.9919739,0.650046289,319.9919739,0.9596405029,319.9919739,1.052161336,
319.0157776,0.6539812684,319.0157776,0.964114666,319.0157776,1.056625605,
318.0004578,0.6570113301,318.0004578,0.9675448537,318.0004578,1.063501,
316.9849548,0.6611740589,316.9849548,0.9710177183,316.9849548,1.068031669,
316.0084229,0.6640136838,316.0084229,0.9762319326,316.0084229,1.074733853,
314.9927063,0.6685454249,314.9927063,0.9814753532,314.9927063,1.080733776,
314.0158997,0.6719653606,314.0158997,0.9871311784,314.0158997,1.087523818,
312.9999084,0.6759268641,312.9999084,0.9900153279,312.9999084,1.091516018,
311.9838257,0.6783890128,311.9838257,0.99499017,311.9838257,1.098998547,
311.0066833,0.6818321347,311.0066833,1.000091314,311.0066833,1.104203224,
309.9903259,0.6846215129,309.9903259,1.004196882,309.9903259,1.109683514,
309.0129395,0.6877118349,309.0129395,1.00887394,309.0129395,1.114847898,
307.9963684,0.6905737519,307.9963684,1.012858272,307.9963684,1.119005203,
307.0187378,0.692928791,307.0187378,1.016305685,307.0187378,1.123411179,
306.0018921,0.695982039,306.0018921,1.019753933,306.0018921,1.127950311,
304.9848938,0.6982498169,304.9848938,1.022717237,304.9848938,1.131697655,
304.006897,0.6997960806,304.006897,1.02589488,304.006897,1.135566473,
302.9897156,0.7017060518,302.9897156,1.028092384,302.9897156,1.139507413,
302.0115051,0.7030179501,302.0115051,1.03078413,302.0115051,1.142291307,
300.9940491,0.7050299644,300.9940491,1.033578992,300.9940491,1.146120667,
300.0155945,0.7062910795,300.0155945,1.034677148,300.0155945,1.147770643,
298.9979248,0.7075156569,298.9979248,1.036708832,298.9979248,1.149725795,
298.0192566,0.7084330916,298.0192566,1.040351868,298.0192566,1.152623415,
297.0013123,0.7099372149,297.0013123,1.042399406,297.0013123,1.155524135,
295.9832458,0.7104227543,295.9832458,1.043946385,295.9832458,1.156806469,
295.0042419,0.7122107148,295.0042419,1.048319578,295.0042419,1.160161257,
293.9859314,0.7136752605,293.9859314,1.051384091,293.9859314,1.163420796,
293.0067139,0.715161562,293.0067139,1.053706169,293.0067139,1.168244004,
291.9881897,0.7164953947,291.9881897,1.055930018,291.9881897,1.169512153,
291.0086975,0.7173879743,291.0086975,1.059820771,291.0086975,1.172400832,
289.9899292,0.7184778452,289.9899292,1.061731696,289.9899292,1.174384594,
289.0102539,0.71976161,289.0102539,1.062955618,289.0102539,1.176602721,
287.991272,0.7194422483,287.991272,1.065029979,287.991272,1.177603245,
287.0113525,0.7206905484,287.0113525,1.067444801,287.0113525,1.180857062,
285.992157,0.7204458117,285.992157,1.06853044,285.992157,1.180971026,
285.0120239,0.7211344838,285.0120239,1.070309162,285.0120239,1.181762099,
283.9925537,0.721263051,283.9925537,1.069088101,283.9925537,1.180827498,
283.012207,0.7213642597,283.012207,1.072109222,283.012207,1.183013439,
281.9925232,0.7216023803,281.9925232,1.072139382,281.9925232,1.184286475,
281.0119934,0.7211555839,281.0119934,1.072535276,281.0119934,1.183238745,
279.9920959,0.7214500308,279.9920959,1.072534323,279.9920959,1.182253003,
279.0112915,0.7209979892,279.0112915,1.070565701,279.0112915,1.181952119,
277.9911804,0.7199011445,277.9911804,1.071160793,277.9911804,1.181207061,
277.0102234,0.7200426459,277.0102234,1.07187748,277.0102234,1.180665255,
275.9898376,0.7203209996,275.9898376,1.070783496,275.9898376,1.180547237,
275.008606,0.719186604,275.008606,1.069792747,275.008606,1.178015828,
273.9880676,0.7191741467,273.9880676,1.06953454,273.9880676,1.177466989,
273.0066528,0.7183186412,273.0066528,1.066508889,273.0066528,1.174770355,
271.9858704,0.7184639573,271.9858704,1.071616054,271.9858704,1.178293109,
271.0042419,0.7178801298,271.0042419,1.06874299,271.0042419,1.17657876,
269.9832153,0.7166022658,269.9832153,1.068411589,269.9832153,1.174263954,
269.0014343,0.7163500786,269.0014343,1.066421747,269.0014343,1.17274785,
268.0194702,0.7147808671,268.0194702,1.06500566,268.0194702,1.170278311,
266.9981689,0.714540422,266.9981689,1.06640172,266.9981689,1.171978831,
266.0160522,0.7146520019,266.0160522,1.065614343,266.0160522,1.170410991,
264.9944763,0.7136238217,264.9944763,1.062951088,264.9944763,1.167915225,
264.0121155,0.7131412625,264.0121155,1.062087059,264.0121155,1.167013645,
262.9904175,0.7127205133,262.9904175,1.063328743,262.9904175,1.167369008,
262.0078735,0.7127087712,262.0078735,1.059920907,262.0078735,1.165194988,
260.9859009,0.712025106,260.9859009,1.061559916,260.9859009,1.166594386,
260.0031433,0.7137162685,260.0031433,1.064980268,260.0031433,1.1699121,

